Site,Cplant,Csoil,SE.plant,SE.soil,biomass,soil,var
DUKE,0.106221546,0.021569011,0.020990081,0.00521421,0.189653473,-0.031927595,0.011904674
KSCO,0.267976385,0.130463145,0.080069953,0.080760342,0.512905125,-0.069134605,0.012404435
NDFF,0.188391393,0.040865233,0.053313876,0.019757677,-0.0840831,0.319116064,0.014127289
ORNL,0.130828414,0.032929357,0.032352303,0.010347279,0.014600539,0.133160404,0.003999092
PHAC,0.171623562,0.033705238,0.03075634,0.018205465,0.088701602,0.048527864,0.054523046
RHIN,0.168571774,0.025303817,0.046518881,0.011288333,0.358712243,-0.113024653,0.010408517