"","ESAagg","MgSum","Cstock","PgSum","Perc"
"1","Cropland",11756726035.7283,97457358748.2005,11.76,12.1
"2","Grassland",7396109508.90323,75893289876.1414,7.4,9.7
"3","Shrubland",4185811194.64577,56749763330.6276,4.19,7.4
"4","Tree cover",22982924788.0862,354033571824.624,22.98,6.5
"5","Total",46321571527.3635,584133983779.594,46.33,7.9
