"","ESAagg","soil.sum","soil.area","soc.sum","eco.sum","eco.area","tot.sum","soil.PgC","soil.perc","eco.PgC","eco.perc"
"1","Agricultural",8407332210.97705,4.15286199099752,95661507036.123,12771394502.8806,6.20715648172678,129796299266.375,8.41,8.8,12.77,9.8
"2","Grassland",7248743524.94267,4.67837384910299,74340650272.8383,11780698703.0022,7.40599559802324,94244826792.4375,7.25,9.8,11.78,12.5
"3","Shrubland",4858065072.0238,3.26221020995384,55754515469.2819,10610732375.5117,6.84892989893466,79174350128.1562,4.86,8.7,10.61,13.4
"4","Tree Stand",15736578525.2515,3.5133479214923,344659918727.844,56177041783.2744,11.800940274691,601442127295.062,15.74,4.6,56.18,9.3
"5","Total",36250719333.195,3.90169849288666,570416591506.087,91339867364.6689,8.06575556334392,904657603482.031,36.26,6.4,91.34,10.1
