"","ESAagg","MgSum","Cstock","PgSum","Perc"
"1","Cropland",11880728782.3262,95661507036.123,11.88,12.4
"2","Grassland",7878541387.56372,74340650272.8383,7.88,10.6
"3","Shrubland",5360617905.21838,55124159223.4312,5.36,9.7
"4","Tree cover",20318479090.9371,345290274973.695,20.32,5.9
"5","Total",45438367166.0454,570416591506.087,45.44,8
